sevice_cost_sum,360
total_trans_rate,170
sevice_cost_sum,146
trans_stat_sum,144
trans_stat_std,138
total_period,128
last_time,126
sevice_cost_sum,123
every_ave_period,121
sevice_cost_sum,119
every_q3_period,115
sevice_cost_std,115
sevice_cost_max,114
every_max_period,113
单价_mean,102
sevice_cost_sum,97
fee_zifei_mean,96
sevice_cost_sum,96
药品费自费金额_max,94
三目统计项目_std,92
trans_stat_q3,91
freq_to_hospital_max,91
sevice_cost_mean,90
sevice_cost_median,90
中成药费发生金额_sum,88
基本医疗保险个人账户支付金额_max,88
中成药费发生金额_max,85
trans_stat_max,84
治疗费发生金额_std,84
三目统计项目_sum,84
单价_median,83
单价_std,81
基本医疗保险统筹基金支付金额_q3,80
起付标准以上自负比例金额_max,79
基本医疗保险个人账户支付金额_sum,78
药品费发生金额_max,77
非账户支付金额_q2,76
num_total_hospitals,76
trans_stat_mean,74
非账户支付金额_q1,74
fee_fasheng_shenbao,73
药品费自费金额_sum,73
数量_mean,72
三目统计项目_mean,72
非账户支付金额_max,72
total_rate,72
service_挂号,71
基本医疗保险个人账户支付金额_mean,70
trans_stat_sum,70
单价_max,69
中成药费发生金额_std,69
every_period_1,66
非账户支付金额_q3,65
可用账户报销金额_max,64
dayofweek_2,64
可用账户报销金额_q3,64
药品费自费金额_mean,63
disease_挂号,63
起付标准以上自负比例金额_q3,63
数量_max,62
total_trans_rate,62
fee_fasheng_mean,62
可用账户报销金额_q2,61
中成药费发生金额_mean,61
治疗费发生金额_mean,61
dayofweek_4,61
service_糖尿病门诊诊察费（门特加收）,60
一次性医用材料申报金额_max,59
药品费发生金额_mean,59
药品费申报金额_max,59
起付标准以上自负比例金额_std,59
基本医疗保险统筹基金支付金额_max,58
disease_糖尿病,58
every_period_4,58
dayofweek_3,57
dayofweek_1,57
dayofweek_0,57
基本医疗保险统筹基金支付金额_std,57
基本医疗保险统筹基金支付金额_mean,57
非账户支付金额_std,56
数量_std,56
total_kind_disease,55
total_trans_rate,55
trans_stat_sum,54
药品费自费金额_std,53
every_period_2.1,53
every_period_3,53
贵重药品发生金额_sum,52
药品费发生金额_std,52
治疗费发生金额_max,51
可用账户报销金额_sum,51
every_ave_period,51
sevice_cost_max,51
一次性医用材料申报金额_std,49
total_trans_rate,49
disease_未知,48
total_rate,48
贵重药品发生金额_max,48
disease_未知,48
起付标准以上自负比例金额_q1,47
every_period_7,47
day_to_nhospitals,47
every_ave_period,47
dayofweek_5,47
dayofweek_6,46
单价_std,46
disease_未知,46
贵重药品发生金额_mean,46
检查费发生金额_sum,46
every_ave_period,45
起付标准以上自负比例金额_sum,45
可用账户报销金额_std,45
本次审批金额_q3,45
治疗费申报金额_mean,45
药品费发生金额_q3,45
检查费发生金额_max,44
every_ave_period,44
医用材料发生金额_max,44
治疗费发生金额_sum,44
起付标准以上自负比例金额_mean,44
num_total_hospitals,43
every_q3_period,43
本次审批金额_mean,43
医用材料发生金额_mean,43
检查费发生金额_std,43
中成药费发生金额_q3,43
trans_stat_sum,42
total_trans_rate,42
起付标准以上自负比例金额_sum,42
药品费自费金额_mean,42
total_period,42
可用账户报销金额_mean,42
基本医疗保险统筹基金支付金额_q2,42
every_q3_period,41
total_rate,41
非账户支付金额_sum,41
total_rate,41
药品费发生金额_sum,41
基本医疗保险统筹基金支付金额_q1,41
医用材料发生金额_sum,41
service_通心络胶囊,41
医用材料发生金额_std,41
num_diff_hospitals,41
一次性医用材料申报金额_sum,41
药品费发生金额_sum,40
非账户支付金额_q3,40
可用账户报销金额_q1,40
trans_stat_q1,40
trans_stat_median,40
贵重药品发生金额_std,40
基本医疗保险个人账户支付金额_std,39
fee_shenbao_mean,39
trans_stat_sum,39
sevice_cost_max,39
trans_stat_std,39
三目统计项目_sum,38
治疗费发生金额_mean,38
every_q3_period,38
trans_stat_sum,38
every_max_period,38
trans_stat_q3,38
trans_stat_std,37
total_period,37
every_ave_period,37
一次性医用材料申报金额_mean,37
service_未知,36
total_period,36
trans_stat_std,36
every_q1_period,36
中草药费发生金额_max,36
药品费申报金额_sum,36
药品费自费金额_sum,35
药品费发生金额_q2,35
every_period_5,35
本次审批金额_std,35
起付标准以上自负比例金额_q2,35
治疗费发生金额_max,35
sevice_cost_max,35
sevice_cost_mean,34
disease_高血压,34
total_period,34
every_period_14,34
every_period_6,34
disease_未知,34
非账户支付金额_max,34
service_未知,34
disease_偏瘫,33
药品费申报金额_std,33
其它发生金额_mean,33
total_trans_rate,33
药品费自费金额_std,33
非账户支付金额_mean,33
中草药费发生金额_std,33
检查费发生金额_mean,33
单价_mean,32
sevice_cost_std,32
trans_stat_std,32
sevice_cost_median,32
last_time,32
sevice_cost_std,32
service_未知,32
中成药费发生金额_mean,32
三目统计项目_mean,32
起付标准以上自负比例金额_max,31
last_time,31
药品费申报金额_max,31
sevice_cost_std,31
every_max_period,31
service_速效救心丸,31
本次审批金额_q1,31
中成药费发生金额_q3,31
fee_fasheng_shenbao,31
every_max_period,31
起付标准以上自负比例金额_q1,31
total_period,31
药品费申报金额_mean,30
基本医疗保险个人账户支付金额_sum,30
freq_to_hospital_max,30
fee_zifei_mean,30
fee_zhifu_mean,30
本次审批金额_max,30
trans_stat_min,29
药品费申报金额_q3,29
基本医疗保险个人账户支付金额_sum,29
本次审批金额_q3,29
trans_stat_q3,29
trans_stat_max,29
freq_to_hospital_max,28
sevice_cost_mean,28
every_q3_period,28
fee_zifei_sum,28
trans_stat_q3,28
total_rate,28
治疗费申报金额_sum,28
基本医疗保险统筹基金支付金额_mean,27
基本医疗保险个人账户支付金额_sum,27
num_total_hospitals,27
sevice_cost_max,27
every_max_period,27
num_total_hospitals,27
sevice_cost_max,27
trans_stat_max,27
本次审批金额_q2,27
治疗费申报金额_std,27
治疗费申报金额_mean,27
service_糖尿病门诊诊察费（门特加收）,27
trans_stat_mean,27
治疗费申报金额_sum,26
sevice_cost_mean,26
sevice_cost_mean,26
service_未知,26
num_total_hospitals,26
trans_stat_std,26
fee_shenbao_mean,26
sevice_cost_mean,25
fee_fasheng_mean,25
药品费申报金额_std,25
数量_mean,25
中成药费发生金额_max,25
disease_挂号,25
基本医疗保险统筹基金支付金额_sum,25
治疗费发生金额_q3,25
药品费申报金额_max,25
药品费发生金额_max,25
service_脑心通胶囊,24
sevice_cost_std,24
起付标准以上自负比例金额_q1,24
治疗费申报金额_std,24
基本医疗保险统筹基金支付金额_max,24
sevice_cost_std,24
本次审批金额_max,24
药品费申报金额_mean,24
every_q3_period,24
trans_stat_mean,24
trans_stat_max,24
trans_stat_q3,24
单价_mean,24
基本医疗保险统筹基金支付金额_q3,24
可用账户报销金额_max,23
service_挂号,23
sevice_cost_min,23
其它发生金额_std,23
单价_mean,23
药品费申报金额_sum,23
药品费申报金额_max,23
数量_std,23
every_period_13,23
药品费自费金额_std,23
every_q1_period,22
fee_fasheng_sum,22
基本医疗保险个人账户支付金额_sum,22
医用材料发生金额_max,22
last_time,22
every_max_period,22
total_rate,22
药品费自费金额_sum,22
药品费自费金额_max,22
service_糖尿病门诊诊察费（门特加收）,22
last_time,22
药品费发生金额_max,21
三目统计项目_std,21
可用账户报销金额_q2,21
本次审批金额_mean,21
非账户支付金额_q2,21
本次审批金额_std,21
中草药费发生金额_max,21
fee_zifei_mean,21
药品费发生金额_max,21
sevice_cost_median,21
基本医疗保险统筹基金支付金额_std,21
非账户支付金额_q3,21
非账户支付金额_q1,21
trans_stat_max,21
单价_std,21
药品费申报金额_max,21
last_time,21
单价_median,21
单价_mean,21
中成药费发生金额_sum,20
freq_to_hospital_max,20
service_糖尿病门诊诊察费（门特加收）,20
num_total_hospitals,20
数量_max,20
中成药费发生金额_sum,20
every_period_14,20
service_糖尿病门诊诊察费（门特加收）,20
中成药费发生金额_max,20
基本医疗保险统筹基金支付金额_std,20
三目统计项目_std,20
药品费发生金额_sum,20
一次性医用材料申报金额_q3,20
药品费申报金额_q2,20
中草药费发生金额_mean,20
disease_冠心病,20
every_period_11,19
药品费申报金额_sum,19
every_period_2.1,19
disease_门特挂号,19
freq_hospital_98,19
service_牛黄清心丸,19
trans_stat_q3,19
非账户支付金额_max,19
every_period_12.1,19
service_通心络胶囊,19
trans_stat_mean,19
治疗费发生金额_std,19
起付标准以上自负比例金额_max,19
total_kind_disease,19
贵重药品发生金额_max,19
药品费发生金额_std,19
基本医疗保险统筹基金支付金额_std,19
药品费自费金额_max,19
药品费发生金额_max,18
trans_stat_max,18
医用材料费自费金额_max,18
三目统计项目_mean,18
医用材料发生金额_mean,18
非账户支付金额_std,18
药品费自费金额_sum,18
service_糖尿病门诊诊察费（门特加收）,18
治疗费发生金额_max,18
单价_max,18
中成药费发生金额_mean,18
非账户支付金额_q2,18
非账户支付金额_q1,18
every_period_16,18
起付标准以上自负比例金额_max,18
disease_高脂血症,18
起付标准以上自负比例金额_max,18
基本医疗保险统筹基金支付金额_q3,18
dayofweek_1,18
检查费发生金额_sum,18
医用材料发生金额_std,18
fee_shenbao_sum,18
贵重药品发生金额_sum,18
trans_stat_mean,18
fee_zifei_sum,18
基本医疗保险统筹基金支付金额_q3,17
药品费自费金额_mean,17
中成药费发生金额_mean,17
本次审批金额_max,17
治疗费发生金额_max,17
其它发生金额_sum,17
freq_to_hospital_max,17
治疗费发生金额_q2,17
检查费申报金额_std,17
service_多导心电图检查自动分析,17
freq_hospital_104,17
药品费自费金额_sum,17
治疗费发生金额_sum,17
freq_hospital_180,17
药品费发生金额_mean,17
药品费自费金额_max,17
本次审批金额_q2,17
药品费发生金额_max,17
中成药费发生金额_sum,17
num_diff_hospitals,17
治疗费发生金额_max,17
sevice_cost_median,17
dayofweek_6,17
贵重药品发生金额_std,17
fee_zifei_sum,17
中成药费发生金额_std,17
every_period_2.1,17
every_period_3,17
单价_median,17
非账户支付金额_sum,17
非账户支付金额_q1,17
基本医疗保险统筹基金支付金额_q3,17
非账户支付金额_max,17
单价_std,17
药品费发生金额_std,16
三目统计项目_std,16
本次审批金额_q3,16
治疗费发生金额_std,16
单价_max,16
单价_median,16
单价_median,16
基本医疗保险个人账户支付金额_max,16
数量_std,16
药品费申报金额_std,16
every_period_14,16
单价_std,16
药品费自费金额_mean,16
可用账户报销金额_max,16
单价_median,16
三目统计项目_sum,16
fee_zifei_mean,16
药品费申报金额_q3,16
sevice_cost_median,16
中成药费发生金额_std,16
sevice_cost_median,16
数量_mean,16
基本医疗保险统筹基金支付金额_q3,16
fee_shenbao_mean,16
起付标准以上自负比例金额_max,16
disease_挂号,16
药品费申报金额_max,16
治疗费发生金额_std,16
数量_median,16
disease_偏瘫,16
药品费申报金额_q2,16
检查费申报金额_sum,16
起付标准以上自负比例金额_mean,16
可用账户报销金额_std,16
disease_糖尿病,16
检查费发生金额_std,16
every_period_7,16
service_挂号,16
检查费申报金额_max,16
非账户支付金额_q1,16
every_period_1,16
trans_stat_mean,16
可用账户报销金额_q3,15
药品费发生金额_sum,15
service_挂号,15
一次性医用材料申报金额_sum,15
非账户支付金额_q2,15
基本医疗保险统筹基金支付金额_q1,15
freq_trans_hospital_188,15
药品费自费金额_sum,15
中草药费发生金额_q3,15
every_period_4,15
本次审批金额_q1,15
基本医疗保险统筹基金支付金额_q1,15
dayofweek_0,15
every_period_1,15
基本医疗保险统筹基金支付金额_q1,15
治疗费发生金额_sum,15
day_to_nhospitals,15
药品费自费金额_q3,15
fee_zifei_mean,15
贵重药品发生金额_max,15
起付标准以上自负比例金额_std,15
基本医疗保险个人账户支付金额_sum,15
day_to_nhospitals,15
非账户支付金额_q3,15
三目统计项目_std,15
检查费申报金额_mean,15
基本医疗保险个人账户支付金额_mean,15
基本医疗保险统筹基金支付金额_q1,15
起付标准以上自负比例金额_q1,15
本次审批金额_q3,15
every_period_1,15
基本医疗保险个人账户支付金额_std,15
fee_zhifu_sum,15
数量_std,15
检查费发生金额_mean,15
dayofweek_3,14
every_period_0,14
dayofweek_4,14
中草药费发生金额_mean,14
disease_冠心病,14
fee_zhifu_mean,14
service_速效救心丸,14
dayofweek_2,14
非账户支付金额_q1,14
every_period_10.1,14
药品费自费金额_mean,14
其它发生金额_max,14
药品费发生金额_std,14
service_速效救心丸,14
可用账户报销金额_q3,14
贵重药品发生金额_mean,14
every_period_3,14
医用材料发生金额_max,14
dayofweek_0,14
治疗费发生金额_sum,14
可用账户报销金额_sum,14
基本医疗保险个人账户支付金额_q3,14
freq_trans_hospital_180,14
freq_trans_hospital_183,14
中成药费发生金额_q3,14
中成药费发生金额_sum,14
中成药费发生金额_max,14
every_period_4,14
service_通心络胶囊,14
fee_fasheng_mean,14
单价_max,14
起付标准以上自负比例金额_q1,14
dayofweek_3,14
基本医疗保险个人账户支付金额_max,14
disease_高血压,14
贵重药品发生金额_max,14
药品费发生金额_mean,14
治疗费发生金额_max,14
基本医疗保险个人账户支付金额_max,14
非账户支付金额_sum,14
药品费发生金额_q3,13
service_通心络胶囊,13
中成药费发生金额_std,13
every_period_7,13
中草药费发生金额_sum,13
num_diff_hospitals,13
可用账户报销金额_max,13
治疗费发生金额_mean,13
三目统计项目_mean,13
基本医疗保险统筹基金支付金额_max,13
检查费申报金额_sum,13
药品费申报金额_q2,13
本次审批金额_q1,13
disease_挂号,13
fee_shenbao_mean,13
药品费发生金额_q3,13
贵重药品发生金额_max,13
dayofweek_6,13
service_通心络胶囊,13
起付标准以上自负比例金额_std,13
fee_shenbao_mean,13
every_period_3,13
num_diff_hospitals,13
中成药费发生金额_max,13
医用材料费自费金额_mean,13
中成药费发生金额_sum,13
service_肺力咳合剂,13
every_period_9,13
中成药费发生金额_mean,13
基本医疗保险统筹基金支付金额_std,13
fee_zifei_mean,13
医用材料发生金额_std,13
freq_hospital_98,13
day_to_nhospitals,13
freq_to_hospital_max,13
service_挂号,13
freq_hospital_98,13
其它发生金额_std,13
基本医疗保险个人账户支付金额_mean,13
治疗费申报金额_max,13
药品费申报金额_q3,13
fee_shenbao_mean,13
every_period_2.1,13
dayofweek_4,13
every_period_7,13
中成药费发生金额_std,13
治疗费申报金额_std,13
中成药费发生金额_max,13
dayofweek_6,13
disease_糖尿病,13
非账户支付金额_q3,13
可用账户报销金额_q2,13
起付标准以上自负比例金额_std,13
起付标准以上自负比例金额_std,13
service_速效救心丸,13
every_period_2.1,12
every_period_14,12
service_速效救心丸,12
药品费发生金额_sum,12
本次审批金额_q3,12
药品费自费金额_max,12
治疗费发生金额_std,12
治疗费发生金额_sum,12
单价_std,12
中草药费发生金额_max,12
治疗费申报金额_sum,12
药品费申报金额_mean,12
day_to_nhospitals,12
基本医疗保险个人账户支付金额_mean,12
贵重药品发生金额_sum,12
基本医疗保险个人账户支付金额_std,12
every_period_12.1,12
医用材料发生金额_std,12
药品费申报金额_q3,12
基本医疗保险统筹基金支付金额_std,12
药品费发生金额_std,12
可用账户报销金额_mean,12
中成药费发生金额_mean,12
可用账户报销金额_sum,12
dayofweek_4,12
数量_mean,12
药品费自费金额_std,12
治疗费发生金额_mean,12
本次审批金额_q2,12
医用材料发生金额_sum,12
单价_max,12
单价_mean,12
一次性医用材料申报金额_mean,12
本次审批金额_std,12
disease_型糖尿病,12
治疗费申报金额_max,12
基本医疗保险统筹基金支付金额_q2,12
药品费发生金额_std,12
一次性医用材料申报金额_sum,12
治疗费申报金额_max,12
可用账户报销金额_q1,12
基本医疗保险统筹基金支付金额_mean,12
every_period_4,12
其它发生金额_mean,12
基本医疗保险统筹基金支付金额_sum,12
dayofweek_0,12
药品费发生金额_q3,12
本次审批金额_sum,12
可用账户报销金额_q3,12
非账户支付金额_mean,12
freq_trans_hospital_98,12
disease_脑梗死,12
一次性医用材料申报金额_mean,12
治疗费发生金额_mean,11
service_速效救心丸,11
every_period_1,11
非账户支付金额_std,11
医用材料发生金额_max,11
freq_hospital_98,11
可用账户报销金额_mean,11
三目统计项目_sum,11
非账户支付金额_q3,11
起付标准以上自负比例金额_q2,11
disease_糖尿病,11
非账户支付金额_sum,11
disease_高血压,11
freq_hospital_98,11
本次审批金额_q1,11
dayofweek_5,11
freq_trans_hospital_188,11
其它发生金额_mean,11
disease_高血压,11
贵重药品发生金额_mean,11
num_diff_hospitals,11
一次性医用材料申报金额_std,11
一次性医用材料申报金额_max,11
医用材料发生金额_sum,11
检查费申报金额_sum,11
治疗费申报金额_std,11
基本医疗保险个人账户支付金额_max,11
单价_max,11
fee_fasheng_shenbao,11
trans_stat_median,11
医用材料发生金额_sum,11
治疗费自费金额_mean,11
disease_高血压病,11
every_period_17,11
治疗费申报金额_q3,11
非账户支付金额_std,11
本次审批金额_q2,11
service_挂号,11
治疗费发生金额_sum,11
trans_stat_median,11
可用账户报销金额_mean,11
基本医疗保险个人账户支付金额_mean,11
药品费发生金额_q2,11
一次性医用材料申报金额_std,11
基本医疗保险统筹基金支付金额_max,11
every_period_7,11
药品费发生金额_q2,11
非账户支付金额_max,11
every_period_7,11
可用账户报销金额_max,10
药品费自费金额_mean,10
起付标准以上自负比例金额_q1,10
基本医疗保险个人账户支付金额_mean,10
非账户支付金额_std,10
基本医疗保险统筹基金支付金额_q1,10
一次性医用材料申报金额_sum,10
total_kind_disease,10
医用材料发生金额_max,10
every_period_4,10
trans_stat_median,10
disease_肺心病,10
every_period_4,10
中草药费发生金额_mean,10
治疗费发生金额_std,10
三目统计项目_mean,10
一次性医用材料申报金额_sum,10
检查费申报金额_sum,10
贵重药品发生金额_std,10
本次审批金额_max,10
基本医疗保险统筹基金支付金额_sum,10
药品费自费金额_std,10
医用材料发生金额_mean,10
基本医疗保险统筹基金支付金额_max,10
药品费申报金额_std,10
可用账户报销金额_std,10
every_period_22.1,10
freq_trans_hospital_125,10
every_period_8,10
本次审批金额_sum,10
中成药费发生金额_q2,10
医用材料费自费金额_sum,10
检查费发生金额_q3,10
检查费自费金额_std,10
every_period_6,10
fee_fasheng_mean,10
dayofweek_1,10
trans_stat_median,10
可用账户报销金额_q2,10
药品费申报金额_sum,10
中草药费发生金额_std,10
数量_median,10
一次性医用材料申报金额_q3,10
every_period_12.1,10
一次性医用材料申报金额_std,10
起付标准以上自负比例金额_sum,10
其它发生金额_std,10
本次审批金额_mean,10
disease_挂号,10
disease_糖尿病,10
every_period_2.1,10
every_period_14,10
基本医疗保险个人账户支付金额_std,10
service_通心络胶囊,10
dayofweek_3,10
贵重药品发生金额_sum,10
中草药费发生金额_max,10
基本医疗保险个人账户支付金额_std,10
药品费发生金额_mean,10
本次审批金额_sum,10
dayofweek_1,10
非账户支付金额_std,10
数量_max,10
every_period_3,10
基本医疗保险统筹基金支付金额_sum,10
检查费发生金额_std,10
基本医疗保险统筹基金支付金额_q2,10
一次性医用材料申报金额_mean,10
三目统计项目_sum,10
trans_stat_min,10
非账户支付金额_max,10
day_to_nhospitals,9
检查费申报金额_std,9
基本医疗保险个人账户支付金额_max,9
every_period_5,9
一次性医用材料申报金额_max,9
可用账户报销金额_q2,9
中草药费发生金额_std,9
其它发生金额_mean,9
中草药费发生金额_q3,9
可用账户报销金额_sum,9
药品费申报金额_mean,9
dayofweek_2,9
trans_stat_median,9
基本医疗保险统筹基金支付金额_mean,9
三目统计项目_mean,9
一次性医用材料申报金额_max,9
数量_std,9
disease_糖尿病,9
disease_高血压,9
基本医疗保险统筹基金支付金额_mean,9
起付标准以上自负比例金额_sum,9
检查费发生金额_mean,9
dayofweek_1,9
药品费发生金额_q2,9
治疗费申报金额_sum,9
起付标准以上自负比例金额_mean,9
起付标准以上自负比例金额_q2,9
every_period_14,9
三目统计项目_std,9
fee_zhifu_mean,9
freq_trans_hospital_195,9
freq_trans_hospital_194,9
fee_fasheng_shenbao,9
非账户支付金额_q2,9
本次审批金额_mean,9
total_kind_disease,9
检查费发生金额_max,9
中成药费发生金额_q3,9
dayofweek_5,9
治疗费发生金额_q3,9
起付标准以上自负比例金额_q3,9
可用账户报销金额_q1,9
可用账户报销金额_max,9
药品费发生金额_q3,9
药品费发生金额_sum,9
贵重药品发生金额_sum,9
数量_std,9
fee_fasheng_shenbao,9
检查费发生金额_max,9
检查费发生金额_mean,9
非账户支付金额_sum,9
trans_stat_q1,9
药品费发生金额_mean,9
药品费自费金额_max,9
起付标准以上自负比例金额_sum,9
中草药费发生金额_std,9
every_period_19,9
disease_糖尿病性周围血管病变,9
disease_慢性肺源性心脏病,9
every_period_0,9
disease_肺炎,9
城乡救助补助金额_q2,9
fee_buzhu_mean,9
every_period_0,9
freq_trans_hospital_197,9
床位费发生金额_std,9
治疗费自费金额_max,9
三目统计项目_q2,9
freq_trans_hospital_188,8
一次性医用材料申报金额_mean,8
检查费申报金额_max,8
every_period_1,8
数量_mean,8
disease_脑梗死,8
freq_hospital_104,8
药品费发生金额_q2,8
本次审批金额_std,8
可用账户报销金额_mean,8
治疗费申报金额_mean,8
治疗费申报金额_max,8
fee_fasheng_sum,8
医用材料发生金额_sum,8
起付标准以上自负比例金额_q3,8
医用材料发生金额_std,8
dayofweek_1,8
补助审批金额_mean,8
中成药费发生金额_q3,8
药品费发生金额_q1,8
城乡救助补助金额_max,8
disease_门特,8
检查费发生金额_q2,8
补助审批金额_q2,8
检查费申报金额_mean,8
医疗救助个人按比例负担金额_sum,8
every_period_24,8
dayofweek_3,8
检查费发生金额_mean,8
非账户支付金额_mean,8
disease_冠心病,8
本次审批金额_std,8
sevice_cost_min,8
药品费申报金额_q3,8
本次审批金额_max,8
基本医疗保险统筹基金支付金额_max,8
中草药费发生金额_std,8
trans_stat_q1,8
every_period_16,8
一次性医用材料申报金额_sum,8
治疗费自费金额_sum,8
药品费自费金额_q3,8
基本医疗保险统筹基金支付金额_mean,8
fee_fasheng_mean,8
药品费申报金额_std,8
基本医疗保险统筹基金支付金额_sum,8
非账户支付金额_mean,8
dayofweek_5,8
一次性医用材料申报金额_max,8
disease_脑梗死,8
检查费发生金额_max,8
freq_hospital_98,8
检查费发生金额_std,8
贵重药品发生金额_mean,8
起付标准以上自负比例金额_q3,8
dayofweek_4,8
医用材料发生金额_sum,8
非账户支付金额_q2,8
dayofweek_2,8
三目统计项目_sum,8
药品费申报金额_sum,8
every_period_24,8
dayofweek_4,8
disease_挂号,8
可用账户报销金额_q1,8
可用账户报销金额_q3,8
药品费自费金额_q3,8
中成药费发生金额_q3,8
可用账户报销金额_sum,8
检查费发生金额_sum,8
起付标准以上自负比例金额_q2,8
民政救助补助金额_max,8
trans_stat_q1,8
fee_zhifu_sum,8
trans_stat_q1,7
医用材料费自费金额_std,7
every_period_18,7
disease_肝功能异常,7
disease_冠状动脉粥样硬化性心脏病,7
补助审批金额_max,7
治疗费申报金额_q3,7
检查费发生金额_std,7
disease_糖尿病血糖不稳定的糖尿病患者,7
trans_stat_min,7
基本医疗保险统筹基金支付金额_q2,7
可用账户报销金额_q1,7
治疗费发生金额_q3,7
disease_脑卒中,7
数量_max,7
治疗费申报金额_mean,7
药品费申报金额_sum,7
贵重药品发生金额_max,7
trans_stat_min,7
本次审批金额_q2,7
可用账户报销金额_std,7
disease_糖尿病血糖不稳定的糖尿病患者,7
中草药费发生金额_max,7
dayofweek_6,7
fee_zhifu_mean,7
every_period_19,7
dayofweek_2,7
fee_fasheng_sum,7
可用账户报销金额_q1,7
disease_高血压,7
起付标准以上自负比例金额_std,7
起付标准以上自负比例金额_q3,7
every_q1_period,7
disease_偏瘫,7
本次审批金额_q3,7
sevice_cost_min,7
检查费申报金额_std,7
治疗费发生金额_q3,7
治疗费申报金额_mean,7
起付标准以上自负比例金额_mean,7
disease_门特挂号,7
一次性医用材料申报金额_std,7
中草药费发生金额_mean,7
本次审批金额_q1,7
起付标准以上自负比例金额_mean,7
检查费自费金额_mean,7
检查费自费金额_std,7
num_diff_hospitals,7
基本医疗保险个人账户支付金额_q2,7
disease_偏瘫,7
freq_hospital_104,7
disease_脑卒中,7
trans_stat_q1,7
本次审批金额_mean,7
可用账户报销金额_q2,7
一次性医用材料申报金额_std,7
fee_fasheng_shenbao,7
药品费申报金额_q3,7
freq_trans_hospital_98,7
医用材料发生金额_std,7
sevice_cost_min,7
本次审批金额_q1,7
药品费自费金额_std,7
治疗费自费金额_max,7
药品费发生金额_q3,7
disease_尿毒症,7
治疗费发生金额_q3,7
起付标准以上自负比例金额_q3,7
治疗费申报金额_q3,7
disease_脑梗死,7
城乡救助补助金额_mean,7
检查费发生金额_max,7
治疗费申报金额_q2,7
every_q1_period,6
药品费申报金额_std,6
治疗费申报金额_std,6
freq_trans_hospital_145,6
disease_肺原性心脏病,6
数量_mean,6
治疗费发生金额_mean,6
检查费发生金额_sum,6
fee_buzhu_mean,6
service_牛黄清心丸,6
本次审批金额_max,6
检查费申报金额_sum,6
可用账户报销金额_sum,6
every_period_5,6
disease_偏瘫,6
检查费发生金额_sum,6
freq_hospital_104,6
可用账户报销金额_std,6
disease_脑卒中,6
freq_trans_hospital_180,6
起付标准以上自负比例金额_q2,6
基本医疗保险统筹基金支付金额_sum,6
其它发生金额_mean,6
非账户支付金额_sum,6
every_period_5,6
service_肺力咳合剂,6
医用材料发生金额_mean,6
fee_buzhu_mean,6
every_period_3,6
药品费发生金额_q2,6
数量_max,6
治疗费申报金额_q3,6
本次审批金额_sum,6
freq_trans_hospital_567,6
every_period_11,6
every_period_11,6
sevice_cost_min,6
民政救助补助金额_sum,6
every_period_13,6
freq_trans_hospital_197,6
disease_高脂血症,6
every_period_11,6
every_period_12.1,6
药品费申报金额_q2,6
治疗费申报金额_std,6
检查费发生金额_mean,6
贵重检查费金额_std,6
freq_hospital_188,6
freq_trans_hospital_185,6
disease_肺源性心脏病,6
检查费申报金额_mean,6
freq_hospital_587,6
医用材料发生金额_q3,6
dayofweek_5,6
disease_型糖尿病,6
医用材料费自费金额_sum,6
disease_肺原性心脏病,6
service_牛黄清心丸,6
fee_zhifu_sum,6
every_period_5,6
检查费发生金额_sum,6
检查费申报金额_std,6
医疗救助个人按比例负担金额_max,6
disease_脑卒中,6
disease_慢性阻塞性肺疾病,6
dayofweek_3,6
中草药费发生金额_max,6
every_period_23,6
trans_stat_min,6
every_period_11,6
every_period_6,6
中草药费发生金额_mean,6
disease_过敏性鼻炎,6
本次审批金额_q2,5
disease_肺原性心脏病,5
贵重药品发生金额_sum,5
service_牛黄清心丸,5
every_period_16,5
可用账户报销金额_mean,5
every_period_13,5
起付标准以上自负比例金额_q2,5
disease_双下肢动脉硬化闭塞症糖尿病糖尿病性大量白蛋白尿性肾病,5
every_period_15,5
service_低分子量肝素钙注射液,5
freq_trans_hospital_76,5
freq_hospital_149,5
disease_血脉瘀阻证,5
disease_肾性骨病,5
freq_hospital_190,5
补助审批金额_std,5
freq_trans_hospital_145,5
城乡救助补助金额_std,5
医用材料发生金额_max,5
disease_脑梗死,5
医用材料费自费金额_std,5
service_盐酸地尔硫卓片（合心爽）,5
disease_肾透析,5
service_肝素钠注射液,5
service_肾炎康复片,5
every_min_period,5
disease_糖尿病性周围血管病,5
中草药费发生金额_sum,5
every_period_17,5
every_period_24,5
every_period_13,5
every_period_12.1,5
贵重药品发生金额_std,5
service_牛黄清心丸,5
freq_hospital_149,5
治疗费申报金额_sum,5
贵重药品发生金额_mean,5
freq_trans_hospital_188,5
其它发生金额_std,5
disease_精神病,5
freq_hospital_135,5
医用材料发生金额_q3,5
fee_zhifu_mean,5
中草药费发生金额_sum,5
disease_肾性贫血,5
disease_糖尿病性肾病,5
service_地奥心血康软胶囊,5
disease_白细胞减少症,5
disease_精神病,5
治疗费自费金额_max,5
freq_hospital_189,5
freq_trans_hospital_150,5
service_脑心通胶囊,5
disease_糖尿病性冠心病,5
disease_糖尿病血糖不稳定的糖尿病患者,5
fee_buzhu_mean,5
freq_trans_hospital_5,5
service_多导心电图检查自动分析,5
freq_trans_hospital_183,5
service_低分子肝素钠注射液,5
disease_型糖尿病,5
检查费发生金额_q3,5
公务员医疗补助基金支付金额_q2,5
中成药费发生金额_std,5
数量_max,5
中草药费发生金额_q3,5
检查费申报金额_mean,5
dayofweek_0,5
dayofweek_5,5
freq_trans_hospital_180,5
disease_冠心病,5
freq_hospital_149,5
中草药费发生金额_std,5
freq_trans_hospital_188,5
基本医疗保险个人账户支付金额_std,5
disease_脑梗塞,5
disease_脑卒中,5
一次性医用材料申报金额_mean,5
民政救助补助金额_mean,5
治疗费自费金额_max,5
贵重药品发生金额_mean,5
freq_hospital_104,5
every_period_11,5
freq_trans_hospital_180,5
fee_shenbao_sum,5
every_period_24,5
total_kind_disease,5
医用材料发生金额_mean,5
检查费发生金额_std,5
every_period_19,5
disease_肺原性心脏病,5
可用账户报销金额_q3,5
可用账户报销金额_std,5
本次审批金额_mean,5
中草药费发生金额_sum,5
disease_偏瘫,5
every_period_13,5
非账户支付金额_mean,5
药品费自费金额_q3,5
freq_trans_hospital_98,5
dayofweek_6,5
freq_hospital_183,5
freq_trans_hospital_197,5
freq_trans_hospital_180,5
total_kind_disease,5
sevice_cost_min,5
every_q1_period,5
其它发生金额_sum,5
dayofweek_2,5
disease_过敏性鼻炎,5
床位费发生金额_std,4
治疗费自费金额_std,4
service_肝素钠注射液,4
一次性医用材料申报金额_q3,4
补助审批金额_std,4
其它发生金额_sum,4
disease_门特挂号,4
disease_糖尿病血糖不稳定的糖尿病患者,4
医疗救助个人按比例负担金额_max,4
医用材料费自费金额_sum,4
service_脑心通胶囊,4
freq_hospital_183,4
disease_慢性阻塞性肺疾病,4
service_低分子肝素钠注射液,4
一次性医用材料申报金额_max,4
disease_糖尿病血糖不稳定的糖尿病患者,4
service_多导心电图检查自动分析,4
freq_trans_hospital_197,4
治疗费自费金额_mean,4
disease_高血压病,4
every_period_10.1,4
治疗费申报金额_max,4
治疗费自费金额_max,4
disease_肺原性心脏病,4
药品费申报金额_mean,4
freq_hospital_197,4
药品费申报金额_q2,4
freq_hospital_125,4
disease_糖尿病性冠心病,4
disease_癌性疼痛,4
disease_白细胞减少症,4
disease_糖尿病性视网膜病,4
freq_hospital_635,4
disease_糖尿病肾病,4
freq_hospital_567,4
freq_hospital_195,4
数量_median,4
药品费发生金额_mean,4
检查费自费金额_std,4
disease_门特挂号,4
disease_高血压病,4
起付标准以上自负比例金额_sum,4
医用材料费自费金额_std,4
freq_trans_hospital_145,4
every_min_period,4
其它发生金额_std,4
freq_trans_hospital_567,4
freq_hospital_145,4
公务员医疗补助基金支付金额_q2,4
freq_hospital_173,4
freq_hospital_145,4
disease_肺原性心脏病,4
医疗救助医院申请_max,4
补助审批金额_max,4
fee_fasheng_mean,4
disease_脆性,4
检查费发生金额_max,4
every_period_23,4
every_period_22.1,4
every_period_6,4
freq_trans_hospital_197,4
治疗费自费金额_std,4
service_三级医院,4
freq_trans_hospital_189,4
freq_trans_hospital_192,4
治疗费发生金额_q1,4
service_丹芪偏瘫胶囊,4
中草药费发生金额_q2,4
三目统计项目_max,4
freq_trans_hospital_571,4
freq_trans_hospital_587,4
三目统计项目_q3,4
药品费申报金额_q1,4
治疗费申报金额_q2,4
disease_慢性肺源性心脏病,4
disease_脑卒中,4
本次审批金额_std,4
every_period_19,4
检查费自费金额_mean,4
disease_冠心病,4
检查费自费金额_std,4
every_period_6,4
检查费发生金额_q2,4
其它发生金额_max,4
治疗费自费金额_mean,4
service_肺力咳合剂,4
其它发生金额_sum,4
every_min_period,4
贵重检查费金额_sum,4
基本医疗保险个人账户支付金额_q3,4
service_牛黄清心丸,4
医疗救助医院申请_q3,4
医疗救助个人按比例负担金额_std,4
dayofweek_0,4
disease_慢性肺源性心脏病,4
数量_median,4
贵重药品发生金额_q3,4
disease_肾透析,4
disease_肺炎,4
fee_zhifu_mean,4
freq_trans_hospital_104,4
disease_高血压病,4
医用材料费自费金额_sum,4
disease_慢性肺源性心脏病,4
every_period_19,4
freq_hospital_183,4
freq_hospital_180,4
freq_hospital_567,4
disease_糖尿病性周围神经病,4
补助审批金额_q2,4
every_period_16,4
治疗费发生金额_q2,4
disease_门特挂号,4
every_period_24,4
医用材料费自费金额_q3,4
freq_trans_hospital_104,4
every_period_10.1,4
床位费发生金额_std,4
freq_trans_hospital_177,4
freq_hospital_104,4
service_脑心通胶囊,4
every_period_5,4
disease_高脂血症,4
every_q1_period,4
床位费发生金额_max,4
service_盐酸地尔硫卓片（合心爽）,3
disease_低蛋白血症,3
freq_trans_hospital_201,3
disease_高血压病,3
贵重检查费金额_std,3
freq_trans_hospital_24,3
every_period_17,3
freq_trans_hospital_587,3
贵重检查费金额_mean,3
补助审批金额_q3,3
治疗费发生金额_q1,3
中草药费发生金额_q2,3
民政救助补助金额_mean,3
freq_trans_hospital_195,3
检查费自费金额_mean,3
disease_尿毒症,3
医疗救助个人按比例负担金额_max,3
disease_反复发作低血糖,3
医疗救助个人按比例负担金额_sum,3
其它发生金额_sum,3
其它发生金额_max,3
民政救助补助金额_q2,3
disease_肾性贫血,3
freq_hospital_195,3
freq_trans_hospital_98,3
中草药费发生金额_q3,3
民政救助补助金额_std,3
disease_肺炎,3
床位费申报金额_sum,3
治疗费自费金额_mean,3
床位费申报金额_std,3
service_低分子肝素钠注射液,3
一次性医用材料申报金额_q3,3
基本医疗保险个人账户支付金额_q3,3
service_脑心通胶囊,3
治疗费发生金额_q2,3
医疗救助医院申请_max,3
床位费发生金额_mean,3
城乡救助补助金额_q1,3
every_period_19,3
检查费申报金额_q2,3
disease_肺心病,3
every_period_12.1,3
贵重药品发生金额_std,3
every_period_17,3
非账户支付金额_mean,3
药品费申报金额_q2,3
基本医疗保险个人账户支付金额_q3,3
freq_hospital_149,3
医用材料发生金额_q1,3
治疗费自费金额_max,3
every_period_16,3
补助审批金额_mean,3
disease_肺炎,3
freq_hospital_145,3
disease_门特,3
城乡救助补助金额_q1,3
disease_过敏性鼻炎,3
disease_贫血,3
城乡救助补助金额_std,3
医疗救助个人按比例负担金额_max,3
医用材料费自费金额_sum,3
every_period_23,3
disease_肾透析,3
freq_hospital_34,3
检查费申报金额_q3,3
freq_trans_hospital_190,3
freq_trans_hospital_444,3
freq_trans_hospital_195,3
every_period_24,3
disease_冠心病,3
disease_肺心病,3
freq_hospital_195,3
freq_trans_hospital_160,3
贵重检查费金额_mean,3
freq_hospital_180,3
disease_肾性贫血,3
disease_糖尿病性冠心病,3
医疗救助个人按比例负担金额_max,3
freq_trans_hospital_98,3
治疗费自费金额_mean,3
every_period_23,3
freq_hospital_188,3
every_period_13,3
freq_trans_hospital_587,3
service_低分子肝素钠注射液,3
every_period_17,3
disease_肺心病,3
service_地奥心血康软胶囊,3
其它发生金额_mean,3
医用材料发生金额_q3,3
药品费自费金额_q3,3
药品费申报金额_mean,3
disease_糖尿病性周围血管病变,3
freq_trans_hospital_173,3
disease_肾性贫血,3
every_period_23,3
disease_肺源性心脏病,3
freq_hospital_189,3
disease_慢性肺源性心脏病,3
贵重药品发生金额_std,3
freq_hospital_125,3
freq_hospital_180,3
freq_trans_hospital_173,3
freq_trans_hospital_1079,3
disease_肺源性心脏病,3
freq_hospital_149,3
disease_型糖尿病,3
freq_hospital_145,3
every_period_9,3
freq_trans_hospital_188,3
freq_hospital_197,3
基本医疗保险统筹基金支付金额_q2,3
freq_hospital_1079,3
freq_trans_hospital_173,3
freq_trans_hospital_149,3
freq_trans_hospital_145,3
检查费发生金额_q3,3
检查费申报金额_q2,3
床位费发生金额_std,3
disease_型糖尿病,3
床位费发生金额_mean,3
医用材料发生金额_q3,3
disease_贫血,3
disease_肝转移,3
service_利肺片,3
service_低分子肝素钠注射液,3
disease_精神病,3
freq_hospital_5,3
disease_脑梗塞,3
freq_trans_hospital_190,3
freq_hospital_183,3
检查费自费金额_max,3
贵重药品发生金额_q3,3
every_period_25.1,3
检查费申报金额_mean,3
城乡救助补助金额_q3,3
医用材料费自费金额_mean,3
城乡救助补助金额_q2,3
disease_脆性,3
every_period_8,3
freq_trans_hospital_190,3
医用材料发生金额_mean,3
freq_hospital_170,3
贵重检查费金额_sum,3
service_参松养心胶囊,3
freq_hospital_196,3
治疗费申报金额_max,3
freq_trans_hospital_197,3
every_period_18,3
fee_buzhu_mean,3
数量_median,3
基本医疗保险统筹基金支付金额_q2,3
检查费申报金额_std,3
service_心可舒片,3
every_period_21,3
城乡救助补助金额_q1,3
检查费申报金额_q3,3
every_period_20.1,3
贵重检查费金额_max,3
freq_trans_hospital_5,3
disease_肾功能不全,3
freq_hospital_139,3
床位费发生金额_max,3
freq_hospital_188,3
其它发生金额_q3,3
disease_脑梗塞,2
every_period_9,2
城乡救助补助金额_max,2
disease_冠状动脉粥样硬化性心脏病,2
治疗费自费金额_sum,2
disease_过敏性鼻炎,2
药品费自费金额_q3,2
中成药费发生金额_q2,2
医用材料费自费金额_max,2
disease_脑梗塞后遗症,2
医用材料费自费金额_q3,2
every_period_18,2
disease_肾性骨病,2
freq_hospital_145,2
every_period_22.1,2
医用材料费自费金额_std,2
贵重检查费金额_std,2
every_period_29,2
贵重药品发生金额_q3,2
disease_白细胞减少症,2
补助审批金额_sum,2
freq_trans_hospital_635,2
检查费发生金额_q3,2
disease_慢性肺源性心脏病,2
freq_trans_hospital_141,2
disease_肺炎,2
service_肝素钠注射液,2
freq_hospital_180,2
freq_hospital_567,2
service_丹芪偏瘫胶囊,2
检查费自费金额_max,2
数量_median,2
freq_trans_hospital_145,2
disease_糖尿病性冠心病,2
freq_trans_hospital_149,2
service_三级医院,2
检查费申报金额_max,2
freq_trans_hospital_183,2
freq_trans_hospital_185,2
检查费申报金额_std,2
freq_trans_hospital_189,2
disease_型糖尿病,2
freq_trans_hospital_194,2
基本医疗保险个人账户支付金额_q3,2
医用材料费自费金额_q3,2
检查费自费金额_std,2
every_period_22.1,2
治疗费发生金额_q1,2
freq_hospital_189,2
医疗救助个人按比例负担金额_sum,2
起付标准以上自负比例金额_mean,2
service_肺力咳合剂,2
freq_trans_hospital_189,2
freq_trans_hospital_635,2
disease_脑梗塞后遗症,2
床位费发生金额_mean,2
中草药费发生金额_sum,2
freq_trans_hospital_183,2
service_多导心电图检查自动分析,2
一次性医用材料申报金额_q3,2
医用材料费自费金额_mean,2
其它发生金额_std,2
其它发生金额_sum,2
检查费自费金额_max,2
disease_脑梗死后遗症,2
service_三级医院,2
治疗费申报金额_q1,2
检查费发生金额_q2,2
freq_hospital_567,2
freq_hospital_196,2
freq_hospital_188,2
freq_hospital_185,2
治疗费发生金额_q2,2
治疗费申报金额_sum,2
every_min_period,2
本次审批金额_sum,2
检查费发生金额_q2,2
disease_肾性高血压,2
every_period_21,2
检查费发生金额_q3,2
disease_糖尿病性冠心病,2
disease_过敏性鼻炎,2
检查费申报金额_mean,2
disease_贫血,2
民政救助补助金额_q3,2
service_肺力咳合剂,2
freq_hospital_150,2
贵重药品发生金额_q3,2
every_period_37.1,2
disease_不耐受,2
service_注射用低分子量肝素钠,2
医用材料发生金额_q1,2
disease_血糖不稳定,2
床位费申报金额_max,2
disease_肝损害,2
disease_脆性,2
床位费发生金额_sum,2
disease_肾性高血压,2
床位费发生金额_mean,2
disease_肺纤维化,2
城乡救助补助金额_q1,2
城乡救助补助金额_q3,2
disease_肺心病冠心病,2
基本医疗保险个人账户支付金额_q1,2
disease_肝功能不全,2
freq_trans_hospital_196,2
disease_糖尿病性神经病变,2
freq_trans_hospital_173,2
disease_未特指,2
service_依诺肝素钠注射液,2
freq_trans_hospital_150,2
freq_trans_hospital_177,2
freq_trans_hospital_567,2
freq_hospital_194,2
freq_hospital_1254,2
freq_trans_hospital_444,2
freq_hospital_141,2
freq_hospital_192,2
freq_trans_hospital_24,2
freq_hospital_189,2
disease_微循环障碍,2
disease_糖尿病合并微循环障碍,2
freq_hospital_161,2
disease_低蛋白血症,2
补助审批金额_sum,2
freq_trans_hospital_1058,2
service_病床紫外线消毒,2
disease_脑梗塞后遗症,2
民政救助补助金额_q3,2
fee_buzhu_sum,2
三目统计项目_max,2
every_period_9,2
检查费自费金额_sum,2
检查费申报金额_max,2
补助审批金额_max,2
disease_冠状动脉粥样硬化性心脏病,2
freq_trans_hospital_189,2
service_三级医院,2
disease_肾移植术后复查,2
freq_trans_hospital_180,2
disease_肝功能不全,2
补助审批金额_std,2
service_心可舒片,2
三目统计项目_q2,2
手术费发生金额_sum,2
disease_脆性糖尿病,2
民政救助补助金额_q3,2
治疗费自费金额_q3,2
检查费自费金额_sum,2
service_通脉养心丸,2
一次性医用材料申报金额_q2,2
医用材料费自费金额_max,2
service_低分子量肝素钙注射液,2
医疗救助个人按比例负担金额_mean,2
disease_脑梗塞,2
freq_hospital_140,2
freq_hospital_1079,2
手术费发生金额_std,2
医用材料费自费金额_mean,2
service_参松养心胶囊,2
service_多导心电图,2
freq_trans_hospital_140,2
freq_trans_hospital_196,2
freq_trans_hospital_183,2
贵重检查费金额_max,2
freq_trans_hospital_194,2
手术费发生金额_sum,2
民政救助补助金额_std,2
every_period_17,2
disease_糖尿病性冠心病,2
disease_肺纤维化,2
disease_肾功能不全,2
治疗费发生金额_q1,2
disease_肺源性心脏病,2
fee_shenbao_sum,2
disease_糖尿病合并微血管病变,2
医用材料发生金额_q3,2
治疗费自费金额_q3,2
every_period_9,2
disease_过敏性鼻炎,2
disease_冠状动脉粥样硬化性心脏病,2
freq_trans_hospital_104,2
城乡救助补助金额_q2,2
disease_骨质疏松,2
disease_精神病,2
freq_hospital_567,2
freq_hospital_635,2
freq_hospital_65,2
service_多导心电图检查自动分析,2
every_period_15,2
freq_trans_hospital_104,2
disease_白细胞减少症,2
freq_trans_hospital_571,2
freq_trans_hospital_125,2
disease_脑梗塞后遗症,2
一次性医用材料申报金额_q2,2
医用材料费自费金额_mean,2
医疗救助个人按比例负担金额_max,2
药品费申报金额_q1,2
service_肺力咳合剂,2
every_period_38,2
检查费自费金额_mean,2
disease_肺心病,2
every_period_15,2
every_period_16,2
every_period_18,2
disease_糖尿病合并微血管病变,2
disease_冠状动脉粥样硬化性心脏病,2
every_period_22.1,2
disease_反复发作低血糖,2
every_period_28.1,2
disease_糖尿病伴神经并发症,2
药品费自费金额_q2,2
service_主任医师挂号费,2
freq_trans_hospital_149,2
freq_hospital_77,2
every_period_38,2
every_period_10.1,2
disease_糖尿病性视网膜病,2
disease_脑梗塞后遗症,2
disease_糖尿病性周围神经病,2
床位费发生金额_std,2
freq_hospital_180,2
disease_脑梗塞偏瘫,2
freq_hospital_188,2
freq_hospital_189,2
freq_hospital_190,2
民政救助补助金额_max,2
disease_高血压脑梗塞偏瘫,2
fee_buzhu_sum,2
disease_肾性高血压,2
disease_白细胞减少症,2
disease_门特,2
disease_门特挂号,2
disease_高脂血症,2
freq_trans_hospital_170,2
freq_hospital_193,2
freq_trans_hospital_149,2
service_低分子量肝素钙注射液,2
补助审批金额_q3,2
service_脑心通胶囊,2
补助审批金额_std,2
治疗费自费金额_sum,2
中草药费发生金额_q2,2
医疗救助医院申请_mean,2
freq_trans_hospital_65,2
医疗救助个人按比例负担金额_mean,2
贵重检查费金额_std,2
医疗救助个人按比例负担金额_std,2
freq_trans_hospital_125,2
床位费发生金额_mean,2
freq_trans_hospital_189,2
贵重药品发生金额_q2,2
检查费自费金额_sum,2
检查费申报金额_max,2
床位费申报金额_sum,2
三目统计项目_q2,2
基本医疗保险个人账户支付金额_q3,2
床位费申报金额_std,2
检查费自费金额_max,2
治疗费申报金额_q2,2
其它发生金额_max,2
freq_trans_hospital_141,2
补助审批金额_max,2
service_参松养心胶囊,2
城乡救助补助金额_q1,2
freq_hospital_192,2
trans_stat_min,2
disease_肺心病,2
every_period_20.1,2
disease_糖尿病性肾病,2
freq_trans_hospital_567,2
freq_trans_hospital_571,2
disease_肺纤维化,2
freq_hospital_444,2
freq_trans_hospital_635,2
disease_肾功能不全,2
freq_trans_hospital_896,2
freq_trans_hospital_626,2
freq_hospital_190,2
every_period_22.1,2
城乡救助补助金额_q2,2
一次性医用材料申报金额_q3,2
freq_trans_hospital_183,2
disease_高血压病,2
补助审批金额_sum,2
freq_trans_hospital_194,2
freq_hospital_173,2
床位费申报金额_std,2
床位费发生金额_sum,2
医用材料发生金额_q2,2
freq_hospital_626,1
service_利肺片,1
service_主任医师挂号费,1
贵重检查费金额_sum,1
freq_trans_hospital_635,1
every_period_29,1
freq_trans_hospital_571,1
disease_糖尿病性周围血管病变,1
every_period_38,1
freq_trans_hospital_24,1
检查费发生金额_q2,1
freq_hospital_587,1
disease_慢性阻塞性肺疾病,1
freq_hospital_7,1
freq_trans_hospital_102,1
freq_trans_hospital_111,1
freq_trans_hospital_125,1
freq_trans_hospital_177,1
freq_trans_hospital_178,1
disease_糖尿病性周围神经病变,1
disease_糖尿病合并微循环障碍,1
贵重药品发生金额_q2,1
disease_睡眠障碍,1
disease_癌性疼痛,1
城乡救助补助金额_std,1
贵重检查费金额_mean,1
service_多导心电图检查自动分析,1
freq_hospital_558,1
补助审批金额_sum,1
freq_trans_hospital_190,1
医疗救助个人按比例负担金额_mean,1
freq_hospital_444,1
freq_hospital_201,1
freq_hospital_140,1
freq_hospital_141,1
freq_hospital_196,1
freq_hospital_1468,1
freq_hospital_195,1
freq_hospital_173,1
freq_hospital_177,1
freq_hospital_190,1
freq_trans_hospital_192,1
service_盐酸地尔硫卓片（合心爽）,1
中草药费发生金额_mean,1
every_period_6,1
中成药费发生金额_q2,1
disease_骨质疏松,1
disease_高粘血症,1
freq_hospital_183,1
disease_高血压Ⅲ期,1
治疗费自费金额_std,1
药品费申报金额_q1,1
every_min_period,1
补助审批金额_q2,1
disease_反复发作低血糖,1
城乡救助补助金额_q2,1
医疗救助个人按比例负担金额_std,1
医疗救助医院申请_mean,1
disease_肝功能异常,1
disease_肝功能不全,1
医用材料费自费金额_max,1
药品费发生金额_q1,1
治疗费自费金额_std,1
治疗费自费金额_q3,1
其它发生金额_max,1
公务员医疗补助基金支付金额_max,1
disease_冠状动脉粥样硬化性心脏病,1
中草药费发生金额_q3,1
disease_慢性阻塞性肺疾病,1
治疗费申报金额_q3,1
中草药费发生金额_q2,1
disease_气虚血瘀,1
disease_癌症放化疗,1
disease_白细胞减少症,1
disease_精神病,1
医用材料费自费金额_std,1
disease_糖尿病性周围血管病变,1
治疗费发生金额_q3,1
医疗救助个人按比例负担金额_mean,1
药品费申报金额_q1,1
贵重检查费金额_std,1
补助审批金额_q2,1
freq_hospital_145,1
disease_糖尿病性肾病,1
医疗救助医院申请_std,1
城乡救助补助金额_std,1
disease_肾性骨病,1
医疗救助医院申请_sum,1
城乡救助补助金额_q3,1
城乡救助补助金额_mean,1
disease_肾性贫血,1
disease_肾性骨病,1
freq_trans_hospital_626,1
中草药费发生金额_q3,1
disease_脑梗塞,1
disease_脆性糖尿病,1
disease_脆性,1
医疗救助医院申请_max,1
disease_肾性贫血,1
disease_门特,1
disease_肾移植术后,1
disease_肺炎,1
freq_trans_hospital_104,1
disease_肾透析,1
三目统计项目_q3,1
医疗救助个人按比例负担金额_q3,1
disease_脑梗塞,1
三目统计项目_max,1
disease_脑梗死,1
一次性医用材料申报金额_q2,1
freq_hospital_635,1
freq_hospital_567,1
freq_trans_hospital_185,1
disease_糖尿病性神经病变,1
disease_糖尿病性视网膜病,1
民政救助补助金额_max,1
disease_精神病,1
民政救助补助金额_q3,1
民政救助补助金额_std,1
治疗费发生金额_q1,1
disease_糖尿病性周围神经病,1
disease_糖尿病性神经病变,1
医疗救助个人按比例负担金额_sum,1
中草药费发生金额_sum,1
freq_hospital_186,1
disease_脑梗死后遗症,1
every_period_8,1
freq_trans_hospital_185,1
freq_trans_hospital_170,1
fee_buzhu_sum,1
freq_trans_hospital_141,1
freq_trans_hospital_115,1
freq_trans_hospital_110,1
freq_trans_hospital_1079,1
freq_hospital_65,1
高价材料发生金额_mean,1
freq_hospital_143,1
freq_hospital_141,1
freq_hospital_1254,1
治疗费自费金额_mean,1
disease_癌症放化疗,1
城乡救助补助金额_mean,1
disease_慢性阻塞性肺疾病,1
治疗费发生金额_q2,1
公务员医疗补助基金支付金额_q2,1
医用材料费自费金额_std,1
disease_肾性骨病,1
医用材料费自费金额_q3,1
disease_脆性,1
医用材料费自费金额_max,1
disease_肾功能不全,1
disease_肾功能衰竭,1
医用材料费自费金额_mean,1
disease_肾移植术后复查,1
freq_trans_hospital_571,1
disease_糖尿病性周围血管病变,1
城乡救助补助金额_std,1
disease_肝损害,1
disease_肝功能异常,1
手术费发生金额_sum,1
床位费申报金额_max,1
检查费申报金额_q3,1
disease_伴有多个并发症的,1
disease_低蛋白血症,1
基本医疗保险个人账户支付金额_q2,1
基本医疗保险个人账户支付金额_q1,1
disease_微循环障碍,1
disease_心律失常,1
service_肾炎康复片,1
治疗费自费金额_std,1
治疗费自费金额_sum,1
freq_hospital_24,1
freq_trans_hospital_182,1
service_低分子量肝素钠注射液,1
freq_trans_hospital_177,1
freq_trans_hospital_173,1
freq_trans_hospital_160,1
freq_trans_hospital_149,1
service_参松养心胶囊,1
freq_trans_hospital_139,1
freq_trans_hospital_1079,1
service_地奥心血康软胶囊,1
freq_hospital_5,1
freq_hospital_197,1
service_低分子量肝素钙注射液,1
freq_hospital_196,1
service_注射用低分子量肝素钠,1
freq_hospital_194,1
中成药费发生金额_q1,1
贵重检查费金额_mean,1
检查费申报金额_q3,1
disease_糖尿病糖尿病合并微循环障碍,1
其它发生金额_max,1
disease_糖尿病肾病,1
disease_糖尿病糖尿病性周围血管病,1
贵重检查费金额_std,1
freq_trans_hospital_186,1
service_乙肝表面抗原（免疫）,1
service_通脉养心丸,1
检查费发生金额_q2,1
fee_buzhu_mean,1
药品费发生金额_q1,1
every_period_8,1
service_肝素钠注射液,1
民政救助补助金额_sum,1
民政救助补助金额_mean,1
every_period_28.1,1
检查费自费金额_max,1
freq_trans_hospital_587,1
检查费发生金额_q3,1
every_period_18,1
三目统计项目_max,1
freq_trans_hospital_196,1
三目统计项目_q3,1
every_period_10.1,1
本次审批金额_sum,1
民政救助补助金额_q2,1
freq_hospital_149,1
freq_hospital_160,1
service_稳心颗粒,1
freq_trans_hospital_65,1
治疗费申报金额_q2,1
freq_trans_hospital_24,1
service_丹芪偏瘫胶囊,1
freq_trans_hospital_587,1
disease_脑梗塞偏瘫,1
freq_trans_hospital_567,1
床位费申报金额_std,1
医用材料费自费金额_sum,1
医疗救助个人按比例负担金额_std,1
医疗救助医院申请_max,1
医疗救助医院申请_std,1
disease_高粘血症,1
城乡救助补助金额_mean,1
service_麝香保心丸,1
检查费自费金额_mean,1
service_肾炎康复片,1
service_稳心颗粒,1
service_乙型肝炎表面抗体测定,1
freq_trans_hospital_896,1
freq_trans_hospital_76,1
freq_trans_hospital_571,1
三目统计项目_max,1
三目统计项目_q1,1
三目统计项目_q3,1
中成药费发生金额_q1,1
中草药费发生金额_q1,1
公务员医疗补助基金支付金额_sum,1
freq_trans_hospital_194,1
freq_trans_hospital_177,1
freq_trans_hospital_170,1
freq_trans_hospital_153,1
disease_高脂血症,1
every_min_period,1
药品费申报金额_q1,1
药品费发生金额_q1,1
every_period_27,1
治疗费申报金额_q2,1
治疗费发生金额_q2,1
freq_trans_hospital_5,1
freq_trans_hospital_444,1
基本医疗保险个人账户支付金额_q2,1
disease_糖尿病性周围神经病,1
disease_糖尿病合并微血管病变,1
贵重药品发生金额_q2,1
disease_糖尿病糖尿病性周围血管病,1
disease_肝功能障碍,1
贵重检查费金额_q3,1
disease_心脏病,1
disease_糖尿病伴周围循环并发症,1
disease_慢性动脉闭塞症,1
disease_高血压Ⅱ,1
城乡救助补助金额_q3,1
补助审批金额_q2,1
disease_贫血,1
disease_糖尿病合并微循环障碍,1
disease_肾性高血压,1
补助审批金额_q1,1
disease_骨髓抑制,1
disease_脑梗死后遗症,1
disease_肾功能衰竭,1
disease_肾功能不全,1
disease_肝功能不全,1
disease_糖尿病性神经病变,1
disease_糖尿病糖尿病性周围血管病,1
disease_肺源性心脏病,1
disease_双下肢动脉硬化闭塞症糖尿病糖尿病性大量白蛋白尿性肾病,1
disease_糖尿病肾病,1
disease_肺恶性肿瘤,1
disease_癌性疼痛,1
disease_脑梗塞偏瘫,1
disease_门特,1
公务员医疗补助基金支付金额_q2,1
检查费自费金额_std,1
freq_hospital_125,1
disease_糖尿病门特,1
freq_trans_hospital_76,1
freq_trans_hospital_1254,1
贵重检查费金额_max,1
every_period_18,1
freq_trans_hospital_65,1
freq_trans_hospital_69,1
freq_trans_hospital_7,1
service_主任医师挂号费,1
freq_hospital_150,1
service_乙肝e抗体（免疫）,1
service_乙肝e抗原（放免试验）,1
service_依诺肝素钠注射液,1
service_注射用低分子量肝素钠,1
service_稳心颗粒,1
service_肝素钠注射液,1
disease_糖尿病合并微血管病变,1
disease_肾性高血压伴高血压性心脏病,1
disease_肾性高血压,1
disease_肺恶性肿瘤,1
disease_肝功能异常,1
disease_细菌感染,1
disease_糖尿病肾病,1
disease_糖尿病眼底病变,1
disease_脆性,1
disease_糖尿病性周围血管病变,1
disease_慢性阻塞性肺疾病,1
disease_反复发作低血糖,1
disease_反复低血糖血糖不稳定,1
贵重药品发生金额_q2,1
disease_乳腺癌,1
disease_不耐受,1
贵重药品发生金额_q3,1
民政救助补助金额_q1,1
检查费自费金额_max,1
一次性医用材料申报金额_q1,1
freq_trans_hospital_34,1
freq_hospital_173,1
freq_hospital_186,1
freq_hospital_190,1
freq_hospital_192,1
freq_hospital_197,1
freq_hospital_5,1
freq_hospital_635,1
freq_hospital_723,1
freq_trans_hospital_104,1
freq_trans_hospital_125,1
高价材料发生金额_mean,1
补助审批金额_q1,1
freq_hospital_141,1
freq_trans_hospital_194,1
freq_trans_hospital_444,1
一次性医用材料申报金额_q2,1
城乡救助补助金额_max,1
基本医疗保险个人账户支付金额_q2,1
医疗救助医院申请_sum,1
医疗救助医院申请_std,1
医疗救助医院申请_max,1
医疗救助个人按比例负担金额_q2,1
床位费发生金额_mean,1
床位费发生金额_q3,1
公务员医疗补助基金支付金额_mean,1
公务员医疗补助基金支付金额_max,1
床位费发生金额_std,1
床位费申报金额_mean,1
手术费发生金额_mean,1
手术费申报金额_sum,1
disease_糖尿病糖尿病合并微循环障碍,1
disease_糖尿病并肾病变,1
freq_trans_hospital_196,1
freq_hospital_188,1
freq_hospital_1254,1
freq_hospital_139,1
freq_hospital_150,1
freq_trans_hospital_190,1
freq_hospital_170,1
freq_hospital_185,1
freq_hospital_24,1
freq_trans_hospital_110,1
医用材料发生金额_q3,1
freq_trans_hospital_98,1
检查费申报金额_sum,1
every_period_37.1,1
service_丹芪偏瘫胶囊,1
service_乙型肝炎表面抗体测定,1
freq_hospital_125,1
freq_hospital_110,1
freq_hospital_1068,1
治疗费自费金额_sum,1
药品费申报金额_q1,1
药品费自费金额_q2,1
every_period_8,1
every_period_34,1
every_period_25.1,1
every_period_21,1
disease_贫血,1
中草药费发生金额_q2,1
disease_肾性高血压,1
disease_肾透析,1
disease_高脂血症,1
disease_糖尿病合并微循环障碍,1
freq_trans_hospital_185,1
every_period_23,1
service_低分子肝素钠注射液,1
民政救助补助金额_q1,1
freq_hospital_635,1
freq_trans_hospital_190,1
freq_hospital_1072,1
freq_hospital_115,1
freq_hospital_1254,1
freq_hospital_140,1
freq_trans_hospital_186,1
disease_高血脂,1
freq_hospital_182,1
freq_trans_hospital_170,1
freq_trans_hospital_149,1
医用材料发生金额_q2,1
freq_hospital_192,1
freq_trans_hospital_141,1
freq_trans_hospital_125,1
freq_hospital_65,1
service_心可舒片,1
freq_trans_hospital_7,1
every_period_9,1
every_period_8,1
检查费申报金额_q3,1
补助审批金额_std,1
贵重检查费金额_mean,1
freq_trans_hospital_1072,1
贵重检查费金额_sum,1
every_period_10.1,1
床位费发生金额_max,1
贵重药品发生金额_q3,1
床位费申报金额_std,1
every_period_15,1
service_肝素钠注射液,1
service_乙肝e抗原（免疫）,1
freq_hospital_97,1
disease_型糖尿病性周围血管病,1
service_乙型肝炎表面抗原测定,1
freq_trans_hospital_635,1
freq_trans_hospital_914,1
service_丙型肝炎抗体测定Anti Hcv_限门特和住院>,1
service_丙肝抗体（酶免法）,1
service_乙型肝炎e抗体测定,1
service_乙型肝炎表面抗体测定,1
service_低分子量肝素钠注射液,1
freq_hospital_963,1
service_达肝素钠注射液,1
disease_脆性糖尿病,1
service_鳞状细胞癌相关抗原测定（scc）,1
民政救助补助金额_q2,1
民政救助补助金额_q1,1
中成药费发生金额_q1,1
freq_trans_hospital_558,1
freq_trans_hospital_449,1
freq_trans_hospital_201,1
freq_trans_hospital_184,1
service_稳心颗粒,1
disease_肝阳上亢,1
freq_hospital_7,1
disease_细菌性支气管肺炎,1
disease_双下肢动脉硬化闭塞症糖尿病,1
disease_冠状动脉粥样硬化性心脏病糖尿病,1
disease_糖尿病血糖不稳定的糖尿病患者,1
disease_反复低血糖血糖不稳定,1
disease_反复发作低血糖,1
disease_否认癫痫,1
disease_周围神经病,1
disease_哮喘,1
disease_型糖尿病反复严重低血糖,1
公务员医疗补助基金支付金额_max,1
检查费发生金额_q1,1
医用材料发生金额_q2,1
every_period_28.1,1
freq_hospital_444,1
freq_hospital_30,1
freq_hospital_182,1
freq_hospital_177,1
freq_hospital_153,1
freq_hospital_1468,1
freq_hospital_115,1
freq_hospital_1079,1
freq_hospital_1058,1
every_period_41,1
every_period_36,1
every_period_32,1
every_period_31,1
every_period_29,1
every_period_26,1
医用材料费自费金额_q3,1
补助审批金额_q3,1
disease_高粘血症,1
disease_骨髓抑制,1
disease_骨质疏松,1
disease_脑梗死后遗症,1
disease_脑梗塞后遗症,1
freq_trans_hospital_1129,1
freq_trans_hospital_115,1
freq_trans_hospital_139,1
freq_trans_hospital_143,1
城乡救助补助金额_mean,1
手术费发生金额_sum,1
医疗救助个人按比例负担金额_std,1
医疗救助个人按比例负担金额_mean,1
高价材料发生金额_std,1
